{
   "connection_matrix" : [
      [ 0, 1, 1, 4, 10000, 2, 5, 10000 ],
      [ 1, 0, 10000, 10000, 10000, 2, 10000, 4 ],
      [ 1, 10000, 0, 10000, 10000, 10000, 3, 10000 ],
      [ 4, 10000, 10000, 0, 1, 10000, 10000, 10000 ],
      [ 10000, 10000, 10000, 1, 0, 1, 10000, 10000 ],
      [ 2, 2, 10000, 10000, 1, 0, 10000, 10000 ],
      [ 5, 10000, 3, 10000, 10000, 10000, 0, 1 ],
      [ 10000, 4, 10000, 10000, 10000, 10000, 1, 0 ]
   ],
   "routing_table" : [
      {
         "cost" : 2,
         "forward_router" : {
            "ip" : 5
         },
         "local_router" : {
            "ip" : 0
         },
         "source_router" : {
            "ip" : 6
         },
         "target_router" : {
            "ip" : 4
         }
      },
      {
         "cost" : 0,
         "forward_router" : {
            "ip" : 1
         },
         "local_router" : {
            "ip" : 1
         },
         "source_router" : {
            "ip" : 1
         },
         "target_router" : {
            "ip" : 1
         }
      },
      {
         "cost" : 1,
         "forward_router" : {
            "ip" : 0
         },
         "local_router" : {
            "ip" : 2
         },
         "source_router" : {
            "ip" : 6
         },
         "target_router" : {
            "ip" : 4
         }
      },
      {
         "cost" : 0,
         "forward_router" : {
            "ip" : 3
         },
         "local_router" : {
            "ip" : 3
         },
         "source_router" : {
            "ip" : 3
         },
         "target_router" : {
            "ip" : 3
         }
      },
      {
         "cost" : 0,
         "forward_router" : {
            "ip" : 4
         },
         "local_router" : {
            "ip" : 4
         },
         "source_router" : {
            "ip" : 6
         },
         "target_router" : {
            "ip" : 4
         }
      },
      {
         "cost" : 1,
         "forward_router" : {
            "ip" : 4
         },
         "local_router" : {
            "ip" : 5
         },
         "source_router" : {
            "ip" : 6
         },
         "target_router" : {
            "ip" : 4
         }
      },
      {
         "cost" : 3,
         "forward_router" : {
            "ip" : 2
         },
         "local_router" : {
            "ip" : 6
         },
         "source_router" : {
            "ip" : 6
         },
         "target_router" : {
            "ip" : 4
         }
      },
      {
         "cost" : 0,
         "forward_router" : {
            "ip" : 7
         },
         "local_router" : {
            "ip" : 7
         },
         "source_router" : {
            "ip" : 7
         },
         "target_router" : {
            "ip" : 7
         }
      }
   ]
}
